answers_count,answer_uid,date_time,time_difference,time_difference_rank,solution,len,len_rank,wordcount,wordcount_rank,avg_chars_per_word,avg_chars_per_word_rank,sentences,sentences_rank,avg_words_per_sentence,avg_words_per_sentence_rank,longest_sentence,longest_sentence_rank,loglikelihood,loglikelihood_ascending_rank,F-K,F-K_ascending_rank,upvotes,upvotes_rank,has_links
13,4.1,2008-07-31 22:17:57,2105.0,1,True,241,8,36,9,6.69,5,2,5,18.00,9,29,8,0.00,1,463.43,5,287,1,False
13,4.2,2008-08-01 13:53:06,58214.0,2,False,122,10,23,10,5.30,11,1,8,23.00,7,23,10,0.00,1,335.5800000000001,4,33,7,False
13,4.3,2008-08-01 14:23:28,60036.0,3,False,416,6,65,6,6.40,6,2,5,32.50,4,34,7,0.00,1,1259.6850000000002,8,75,2,False
13,4.4,2008-08-05 20:18:30,426938.0,4,False,466,5,69,5,6.75,4,4,2,17.25,10,25,9,0.00,1,1336.3375,9,35,6,False
13,4.5,2008-08-10 17:54:27,850295.0,5,False,594,3,103,3,5.77,9,4,2,25.75,6,40,6,0.00,1,1622.8525000000002,11,48,3,False
13,4.6,2008-09-21 03:51:01,4428489.0,6,False,574,4,78,4,7.36,2,3,4,26.00,5,49,4,0.00,1,1375.1500000000003,10,46,4,False
13,4.7,2008-11-20 14:36:42,9651230.0,7,False,40,13,8,11,5.00,13,1,8,8.00,11,8,11,0.00,1,58.33000000000001,1,27,8,False
13,4.8,2009-02-27 11:45:40,18194568.0,8,False,1141,1,203,1,5.62,10,9,1,22.56,8,52,3,0.00,1,3261.8084000000003,13,37,5,False
13,4.9,2011-08-31 19:08:26,97277134.0,9,False,386,7,62,7,6.23,7,1,8,62.00,1,62,2,0.00,1,987.99,7,24,9,False
13,4.10,2011-08-31 19:09:50,97277218.0,10,False,631,2,106,2,5.95,8,2,5,53.00,2,78,1,0.00,1,1633.4800000000002,12,17,12,False
13,4.11,2012-03-06 08:07:53,113480701.0,11,False,79,11,8,11,9.88,1,1,8,8.00,11,8,11,0.00,1,211.73000000000002,3,18,10,False
13,4.12,2012-05-13 02:10:25,119334453.0,12,False,209,9,41,8,5.10,12,1,8,41.00,3,41,5,0.00,1,555.0,6,18,10,False
13,4.13,2013-04-11 15:08:35,148152343.0,13,False,42,12,6,13,7.00,3,1,8,6.00,13,6,13,0.00,1,69.35000000000001,2,17,12,False
5,6.1,2008-08-01 12:22:51,51283.0,1,True,186,5,35,5,5.31,4,2,5,17.50,3,23,4,0.00,1,498.63500000000005,1,86,1,False
5,6.2,2008-08-05 05:54:23,373575.0,2,False,550,3,73,3,7.53,1,4,3,18.25,2,47,1,0.00,1,935.5274999999999,3,33,2,False
5,6.3,2008-09-04 09:02:42,2976874.0,3,False,564,2,106,2,5.32,3,5,2,21.20,1,26,3,0.00,1,1668.2780000000002,4,25,3,False
5,6.4,2009-05-13 07:47:40,24658772.0,4,False,879,1,156,1,5.63,2,9,1,17.33,4,31,2,0.00,1,2351.1686999999997,5,20,4,False
5,6.5,2010-10-22 16:21:10,70222382.0,5,False,225,4,46,4,4.89,5,3,4,15.33,5,19,5,0.00,1,592.1887,2,18,5,False
54,9.1,2008-08-01 08:57:27,33388.0,1,False,2149,5,359,4,5.99,44,18,1,19.94,40,46,30,0.01,49,4936.386600000001,49,21,11,False
54,9.2,2008-08-01 12:07:19,44780.0,2,False,205,44,29,44,7.07,27,1,38,29.00,32,29,40,0.00,1,526.7199999999999,10,15,13,False
54,9.3,2008-08-01 21:46:12,79513.0,3,False,762,22,125,20,6.10,42,3,16,41.67,20,74,21,0.00,1,2065.6612999999998,36,30,8,False
54,9.4,2008-08-04 16:50:06,320947.0,4,True,322,35,52,32,6.19,41,2,19,26.00,35,43,33,0.00,1,891.35,22,1105,1,False
54,9.5,2008-08-06 10:23:30,470551.0,5,False,761,23,129,18,5.90,45,7,8,18.43,43,29,40,0.00,1,2115.5977,37,23,10,False
54,9.6,2008-08-15 03:47:29,1224390.0,6,False,833,20,138,16,6.04,43,4,12,34.50,27,50,26,0.00,1,1885.865,35,687,2,False
54,9.7,2008-08-17 17:14:48,1445629.0,7,False,274,39,47,35,5.83,49,4,12,11.75,51,16,49,0.00,1,791.3925,19,82,4,False
54,9.8,2008-08-23 13:58:02,1952223.0,8,False,1022,16,115,21,8.89,10,2,19,57.50,9,99,15,0.00,1,2555.635,40,15,13,False
54,9.9,2008-09-26 20:07:37,4911998.0,9,False,354,34,55,31,6.44,38,2,19,27.50,34,34,39,0.00,1,927.335,23,2,31,False
54,9.10,2008-10-03 20:19:31,5517512.0,10,False,164,48,28,45,5.86,48,2,19,14.00,48,20,46,0.00,1,379.27000000000004,8,54,6,False
54,9.11,2009-05-18 11:24:38,25098219.0,11,False,1391,13,175,13,7.95,15,2,19,87.50,3,154,6,0.00,1,2744.335,42,12,15,False
54,9.12,2009-05-18 12:36:51,25102552.0,12,False,120,51,16,50,7.50,19,1,38,16.00,47,16,49,0.00,1,356.45000000000005,7,31,7,False
54,9.13,2009-06-18 10:35:21,27773662.0,13,False,778,21,82,26,9.49,7,2,19,41.00,21,78,19,0.00,1,1664.2000000000003,29,9,19,False
54,9.14,2009-10-20 15:07:22,38503583.0,14,False,1044,15,126,19,8.29,14,2,19,63.00,7,116,10,0.00,1,2593.1800000000003,41,271,3,False
54,9.15,2009-11-28 01:58:57,41825878.0,15,False,241,41,27,46,8.93,8,2,19,13.50,49,24,44,0.00,1,544.275,11,1,33,False
54,9.16,2009-12-16 09:55:00,43409641.0,16,False,869,18,130,17,6.68,33,4,12,32.50,29,109,13,0.00,1,1873.285,34,0,39,False
54,9.17,2009-12-18 14:55:36,43600477.0,17,False,1452,11,208,11,6.98,29,3,16,69.33,5,154,6,0.00,1,3162.0487000000003,45,0,39,False
54,9.18,2010-02-17 13:32:36,48865897.0,18,False,448,29,47,35,9.53,5,1,38,47.00,15,47,28,0.00,1,1052.94,25,19,12,False
54,9.19,2010-08-18 14:29:10,64594091.0,19,False,238,42,34,43,7.00,28,2,19,17.00,44,28,42,0.00,1,604.64,15,10,17,False
54,9.20,2010-09-06 14:09:01,66234482.0,20,False,432,30,44,38,9.82,4,1,38,44.00,19,44,32,0.00,1,1122.5700000000002,26,4,25,False
54,9.21,2010-10-06 01:49:50,68782131.0,21,False,2809,4,382,3,7.35,21,13,3,29.38,31,92,17,0.01,49,6981.4682,52,5,23,False
54,9.22,2011-02-19 23:56:58,80612159.0,22,False,3636,3,501,2,7.26,24,9,5,55.67,12,292,1,0.01,49,7534.5213,53,64,5,False
54,9.23,2011-03-08 07:25:02,82021443.0,23,False,836,19,115,21,7.27,22,2,19,57.50,9,111,12,0.00,1,1682.4350000000002,32,4,25,False
54,9.24,2011-04-11 14:47:15,84985576.0,24,False,1805,9,280,8,6.45,37,7,8,40.00,22,109,13,0.00,1,4814.410000000001,48,29,9,False
54,9.25,2011-05-13 08:12:55,87726716.0,25,False,2089,6,267,10,7.82,18,1,38,267.00,1,267,2,0.01,49,4525.34,47,4,25,False
54,9.26,2011-05-20 16:48:34,88362455.0,26,False,362,33,38,39,9.53,5,2,19,19.00,42,25,43,0.00,1,735.22,16,1,33,False
54,9.27,2011-07-16 18:01:50,93291651.0,27,False,418,31,61,29,6.85,30,2,19,30.50,30,36,37,0.00,1,940.305,24,1,33,False
54,9.28,2011-08-12 20:53:56,95634777.0,28,False,4072,2,308,6,13.22,1,9,5,34.22,28,147,8,0.00,1,5767.955800000001,51,4,25,False
54,9.29,2012-01-11 08:58:06,108724627.0,29,False,668,24,76,27,8.79,11,1,38,76.00,4,76,20,0.00,1,1784.0500000000002,33,1,33,False
54,9.30,2012-02-24 12:58:54,112540675.0,30,False,640,25,109,23,5.87,46,2,19,54.50,13,98,16,0.00,1,1681.2650000000003,31,4,25,False
54,9.31,2012-07-04 11:28:23,123853644.0,31,False,174,46,15,51,11.60,2,2,19,7.50,53,10,52,0.00,1,329.5350000000001,6,1,33,False
54,9.32,2012-11-23 15:00:31,136135172.0,32,False,2004,8,312,5,6.42,39,7,8,44.57,18,114,11,0.00,1,5583.192300000001,50,9,19,False
54,9.33,2012-11-30 12:13:21,136729942.0,33,False,4531,1,573,1,7.91,17,10,4,57.30,11,196,3,0.02,54,8089.7570000000005,54,4,25,False
54,9.34,2013-01-02 16:09:02,139595283.0,34,False,520,27,73,28,7.12,26,2,19,36.50,25,63,22,0.00,1,1202.2450000000001,27,0,39,False
54,9.35,2013-04-22 08:19:51,149071132.0,35,False,1442,12,304,7,4.74,54,5,11,60.80,8,176,4,0.01,49,2309.122,39,9,19,False
54,9.36,2013-09-08 11:01:48,161090449.0,36,False,407,32,56,30,7.27,22,2,19,28.00,33,50,26,0.00,1,774.13,17,0,39,False
54,9.37,2013-09-19 13:15:37,162048878.0,37,False,312,36,48,34,6.50,36,2,19,24.00,36,38,34,0.00,1,831.57,20,1,33,False
54,9.38,2013-09-19 15:18:53,162056274.0,38,False,226,43,36,42,6.28,40,1,38,36.00,26,36,37,0.00,1,553.05,12,10,17,False
54,9.39,2013-09-20 19:13:56,162156777.0,39,False,519,28,91,24,5.70,51,2,19,45.50,17,84,18,0.00,1,1288.355,28,11,16,False
54,9.40,2013-12-03 10:14:42,168518023.0,40,False,131,50,23,47,5.70,51,1,38,23.00,37,23,45,0.00,1,300.18000000000006,4,-1,50,False
54,9.41,2013-12-21 04:53:09,170053930.0,41,False,1125,14,157,14,7.17,25,8,7,19.62,41,53,24,0.00,1,3048.2618,44,2,31,False
54,9.42,2014-01-22 07:23:00,172827721.0,42,False,932,17,139,15,6.71,32,1,38,139.00,2,139,9,0.00,1,2268.82,38,5,23,False
54,9.43,2014-06-11 11:23:33,184938154.0,43,False,171,47,20,48,8.55,12,1,38,20.00,39,20,46,0.00,1,476.01000000000005,9,-3,54,False
54,9.44,2014-07-29 11:46:24,189086725.0,44,False,143,49,17,49,8.41,13,1,38,17.00,44,17,48,0.00,1,321.44000000000005,5,-1,50,False
54,9.45,2014-10-23 13:18:40,196522661.0,45,False,306,37,46,37,6.65,34,1,38,46.00,16,46,30,0.00,1,840.1500000000001,21,6,22,False
54,9.46,2015-02-17 17:24:51,206646232.0,46,False,242,40,37,40,6.54,35,1,38,37.00,23,37,35,0.00,1,577.04,13,0,39,False
54,9.47,2015-05-09 22:03:15,213661336.0,47,False,103,53,13,53,7.92,16,1,38,13.00,50,13,51,0.00,1,249.08,3,-1,50,False
54,9.48,2015-06-24 11:26:39,217597540.0,48,False,1714,10,192,12,8.93,8,3,16,64.00,6,172,5,0.00,1,2982.9700000000003,43,0,39,False
54,9.49,2015-06-26 16:00:29,217786770.0,49,False,88,54,15,51,5.87,46,2,19,7.50,53,9,54,0.00,1,187.93500000000003,1,0,39,False
54,9.50,2015-07-02 07:37:49,218275010.0,50,False,205,44,37,40,5.54,53,1,38,37.00,23,37,35,0.00,1,577.04,13,0,39,False
54,9.51,2015-07-23 16:03:21,220119742.0,51,False,595,26,87,25,6.84,31,4,12,21.75,38,47,28,0.00,1,1680.2925000000002,30,-1,50,False
54,9.52,2015-08-12 11:56:09,221832910.0,52,False,108,52,10,54,10.80,3,1,38,10.00,52,10,52,0.00,1,224.31,2,0,39,True
54,9.53,2015-10-05 17:09:38,226517319.0,53,False,293,38,51,33,5.75,50,1,38,51.00,14,51,25,0.00,1,783.1,18,0,39,False
54,9.54,2015-10-12 13:12:02,227107863.0,54,False,2026,7,273,9,7.42,20,17,2,16.06,46,54,23,0.00,1,3743.0733999999998,46,0,39,False
33,11.1,2008-07-31 23:56:41,64.0,1,False,1014,18,196,12,5.17,31,7,8,28.00,20,128,6,0.00,1,1906.9300000000003,12,270,3,False
33,11.2,2008-08-01 12:17:19,44502.0,2,False,959,24,167,15,5.74,27,9,5,18.56,28,67,18,0.00,1,2304.4484,19,22,9,False
33,11.3,2008-08-04 13:57:26,309709.0,3,True,1104,14,210,9,5.26,30,5,15,42.00,11,104,10,0.00,1,2053.9900000000002,16,669,1,False
33,11.4,2008-08-05 00:42:56,348439.0,4,False,4494,2,434,2,10.35,2,9,5,48.22,7,297,2,0.02,32,10163.015800000001,32,11,16,False
33,11.5,2008-08-14 05:43:45,1144088.0,5,False,1528,9,202,11,7.56,12,8,7,25.25,23,107,8,0.00,1,3062.2574999999997,24,66,4,False
33,11.6,2008-08-15 14:20:04,1261467.0,6,False,342,29,49,30,6.98,18,3,24,16.33,30,26,31,0.00,1,970.1787,5,4,24,False
33,11.7,2008-08-15 22:42:33,1291616.0,7,False,325,30,61,28,5.33,29,4,19,15.25,31,19,32,0.00,1,875.3575,4,9,18,False
33,11.8,2008-08-17 15:56:26,1440049.0,8,False,538,26,76,27,7.08,16,5,15,15.20,32,31,28,0.00,1,1441.7380000000003,8,7,20,False
33,11.9,2008-08-20 17:26:49,1704672.0,9,False,1023,17,170,14,6.02,26,4,19,42.50,10,93,14,0.00,1,1570.3850000000002,9,12,15,False
33,11.10,2008-08-25 06:12:29,2096212.0,10,False,439,28,92,26,4.77,33,2,27,46.00,9,66,19,0.00,1,1111.5500000000002,6,2,26,False
33,11.11,2008-09-17 03:19:19,4073022.0,11,False,1382,11,155,20,8.92,6,1,28,155.00,2,155,4,0.00,1,2876.8599999999997,22,42,6,True
33,11.12,2008-09-21 16:04:55,4464558.0,12,False,972,23,134,23,7.25,15,7,8,19.14,27,53,22,0.00,1,2682.2745999999997,21,307,2,False
33,11.13,2008-09-23 01:09:30,4583633.0,13,False,993,20,123,24,8.07,9,3,24,41.00,14,83,17,0.00,1,2018.2000000000003,15,5,23,False
33,11.14,2008-10-23 10:44:13,7210116.0,14,False,2847,4,305,4,9.33,4,6,11,50.83,5,147,5,0.00,1,3733.0337,29,26,8,True
33,11.15,2009-02-01 19:22:41,15967624.0,15,False,1167,13,193,13,6.05,25,10,3,19.30,26,46,25,0.00,1,1785.5370000000003,10,55,5,False
33,11.16,2009-02-20 15:17:43,17594526.0,16,False,1581,8,251,7,6.30,22,6,11,41.83,12,107,8,0.01,29,3694.1237,28,14,12,False
33,11.17,2009-03-09 22:02:29,19087612.0,17,False,2047,5,262,6,7.81,11,10,3,26.20,22,93,14,0.00,1,4514.028,30,36,7,False
33,11.18,2009-07-17 02:47:42,30250325.0,18,False,1892,6,214,8,8.84,7,1,28,214.00,1,214,3,0.00,1,3666.87,27,8,19,False
33,11.19,2009-09-04 13:15:59,34521622.0,19,False,319,31,29,32,11.00,1,1,28,29.00,19,29,29,0.00,1,691.92,3,11,16,True
33,11.20,2009-11-14 18:44:50,40675753.0,20,False,1671,7,268,5,6.24,23,4,19,67.00,3,104,10,0.01,29,3621.34,26,7,20,False
33,11.21,2010-02-01 19:51:13,47505336.0,21,False,826,25,151,21,5.47,28,3,24,50.33,6,125,7,0.00,1,1797.6387000000002,11,2,26,False
33,11.22,2010-02-11 12:23:32,48342475.0,22,False,1013,19,158,18,6.41,21,4,19,39.50,16,102,13,0.00,1,2005.8150000000003,14,16,11,False
33,11.23,2011-03-25 00:21:04,83463927.0,23,False,2951,3,404,3,7.30,13,22,1,18.36,29,58,20,0.01,29,5041.9704,31,17,10,False
33,11.24,2011-04-29 18:31:37,86553360.0,24,False,5527,1,660,1,8.37,8,14,2,47.14,8,316,1,0.02,32,12451.7946,33,13,13,False
33,11.25,2012-05-27 17:30:29,120591292.0,25,False,56,33,8,33,7.00,17,1,28,8.00,33,8,33,0.00,1,129.13000000000002,1,4,24,False
33,11.26,2012-09-13 12:15:49,129990012.0,26,False,1181,12,162,17,7.29,14,4,19,40.50,15,93,14,0.00,1,3044.605,23,1,28,False
33,11.27,2013-03-16 06:36:07,145867230.0,27,False,991,21,149,22,6.65,20,5,15,29.80,18,49,24,0.00,1,2379.632,20,1,28,False
33,11.28,2013-08-06 07:54:50,158227153.0,28,False,1074,15,157,19,6.84,19,7,8,22.43,24,29,29,0.00,1,2294.1576999999997,18,1,28,False
33,11.29,2013-10-15 09:36:10,164281233.0,29,False,1056,16,208,10,5.08,32,5,15,41.60,13,104,10,0.00,1,1912.2340000000002,13,6,22,False
33,11.30,2014-04-09 11:50:10,179495673.0,30,False,517,27,55,29,9.40,3,1,28,55.00,4,55,21,0.00,1,1398.2600000000002,7,13,13,False
33,11.31,2014-09-05 01:11:31,192330954.0,31,False,984,22,123,24,8.00,10,6,11,20.50,25,37,26,0.00,1,2140.0049999999997,17,1,28,False
33,11.32,2015-09-08 14:02:16,224172399.0,32,False,220,32,36,31,6.11,24,1,28,36.00,17,36,27,0.00,1,635.65,2,0,32,False
33,11.33,2015-09-08 14:02:39,224172422.0,33,False,1511,10,163,16,9.27,5,6,11,27.17,21,50,23,0.00,1,3346.2063000000003,25,0,32,True
23,13.1,2008-08-01 12:19:17,41799.0,1,False,286,16,51,16,5.61,21,2,16,25.50,9,26,16,0.00,1,796.7550000000001,8,37,4,False
23,13.2,2008-08-01 15:11:59,52161.0,2,False,479,12,84,11,5.70,19,5,7,16.80,17,27,14,0.00,1,1336.162,12,38,3,False
23,13.3,2008-08-02 06:06:50,105852.0,3,True,1504,5,141,7,10.67,2,3,11,47.00,3,72,5,0.00,1,3212.34,18,-27,23,True
23,13.4,2008-08-03 19:30:55,240497.0,4,False,413,13,71,13,5.82,16,6,5,11.83,23,15,20,0.00,1,1062.8237000000001,11,150,2,False
23,13.5,2008-08-03 20:40:33,244675.0,5,False,532,10,101,10,5.27,23,6,5,16.83,16,49,8,0.00,1,1454.1737,13,11,14,False
23,13.6,2008-08-04 11:11:14,296916.0,6,False,254,17,30,18,8.47,7,1,19,30.00,5,30,11,0.00,1,680.5100000000001,7,13,10,True
23,13.7,2008-08-30 09:29:39,2537221.0,7,False,354,15,58,15,6.10,14,3,11,19.33,14,27,14,0.00,1,994.9487,9,11,14,False
23,13.8,2009-11-27 17:52:21,41792983.0,8,False,396,14,69,14,5.74,18,5,7,13.80,19,28,13,0.00,1,1051.7920000000001,10,225,1,False
23,13.9,2010-05-25 00:11:51,57194953.0,9,False,688,9,121,9,5.69,20,4,10,30.25,4,60,7,0.00,1,1825.2075,15,9,17,False
23,13.10,2010-09-16 05:59:40,67065422.0,10,False,2539,1,319,2,7.96,9,14,2,22.79,12,108,2,0.01,22,5433.0981,22,14,8,True
23,13.11,2011-03-30 20:48:14,83966736.0,11,False,1007,7,140,8,7.19,11,5,7,28.00,6,71,6,0.00,1,2213.73,16,22,6,False
23,13.12,2011-04-09 19:16:47,84825249.0,12,False,1742,3,232,3,7.51,10,9,4,25.78,8,81,4,0.00,1,3794.0642000000003,21,20,7,True
23,13.13,2011-08-27 23:00:58,96934700.0,13,False,1464,6,150,6,9.76,3,3,11,50.00,2,102,3,0.00,1,3307.91,20,11,14,False
23,13.14,2011-12-01 11:08:43,105186365.0,14,False,69,23,12,22,5.75,17,1,19,12.00,21,12,22,0.00,1,201.49,1,8,18,False
23,13.15,2012-01-28 08:21:56,110187558.0,15,False,1637,4,177,4,9.25,4,3,11,59.00,1,160,1,0.00,1,3299.6200000000003,19,5,22,False
23,13.16,2012-05-27 17:25:29,120588171.0,16,False,104,22,12,22,8.67,6,1,19,12.00,21,12,22,0.00,1,295.89000000000004,2,13,10,False
23,13.17,2012-07-30 08:08:44,126084366.0,17,False,217,20,19,21,11.42,1,1,19,19.00,15,19,19,0.00,1,452.0200000000001,3,8,18,True
23,13.18,2012-08-06 21:22:05,126736767.0,18,False,210,21,25,19,8.40,8,2,16,12.50,20,15,20,0.00,1,614.6850000000001,5,25,5,True
23,13.19,2012-08-30 05:08:17,128751939.0,19,False,962,8,161,5,5.98,15,10,3,16.10,18,29,12,0.00,1,2574.889,17,14,8,True
23,13.20,2012-09-13 02:05:11,129950553.0,20,False,219,19,24,20,9.12,5,1,19,24.00,10,24,17,0.00,1,489.37000000000006,4,12,12,False
23,13.21,2013-01-02 18:05:55,139598597.0,21,False,532,10,80,12,6.65,12,3,11,26.67,7,42,10,0.00,1,1694.0113000000001,14,12,12,False
23,13.22,2014-09-08 23:25:56,192667398.0,22,False,247,18,46,17,5.37,22,2,16,23.00,11,23,18,0.00,1,665.98,6,7,21,False
23,13.23,2014-09-15 01:19:39,193192621.0,23,False,2031,2,323,1,6.29,13,15,1,21.53,13,44,9,0.01,22,5586.006700000001,23,8,18,False
8,14.1,2008-08-01 12:26:39,41248.0,1,False,428,3,61,3,7.02,7,8,1,7.62,8,16,5,0.00,1,1202.7818000000002,6,325,1,False
8,14.2,2008-08-05 11:01:47,381756.0,2,False,362,4,47,4,7.70,4,1,8,47.00,1,47,2,0.00,1,663.5400000000001,4,32,3,False
8,14.3,2009-02-24 02:39:27,17890816.0,3,False,1788,1,229,1,7.81,3,8,1,28.62,2,85,1,0.00,1,3228.7718,8,272,2,False
8,14.4,2011-07-19 03:56:16,93495425.0,4,False,159,8,21,8,7.57,5,2,5,10.50,6,12,8,0.00,1,377.9050000000001,1,24,4,False
8,14.5,2012-06-07 18:15:14,121540563.0,5,False,163,7,23,7,7.09,6,2,5,11.50,5,13,6,0.00,1,401.89500000000004,2,12,5,False
8,14.6,2013-09-19 11:44:21,162038710.0,6,False,220,6,32,5,6.88,8,2,5,16.00,4,17,4,0.00,1,604.25,3,7,6,False
8,14.7,2015-01-02 13:09:18,202651807.0,7,False,734,2,75,2,9.79,2,4,3,18.75,3,42,3,0.00,1,1797.1225000000002,7,7,6,True
8,14.8,2016-02-12 09:12:32,237716001.0,8,False,285,5,24,6,11.88,1,3,4,8.00,7,13,6,0.00,1,754.53,5,1,8,True
5,16.1,2008-08-01 14:10:55,33082.0,1,False,87,4,16,4,5.44,4,1,4,16.00,4,16,4,0.00,1,262.05000000000007,2,5,4,False
5,16.2,2008-08-08 12:17:20,631067.0,2,False,58,5,12,5,4.83,5,1,4,12.00,5,12,5,0.00,1,142.49,1,2,5,False
5,16.3,2008-08-15 16:27:31,1250878.0,3,True,356,2,44,2,8.09,2,2,2,22.00,1,33,2,0.00,1,1019.59,4,47,1,False
5,16.4,2008-08-15 16:42:54,1251801.0,4,False,249,3,44,2,5.66,3,2,2,22.00,1,27,3,0.00,1,712.7900000000001,3,10,2,False
5,16.5,2009-02-13 00:10:02,16917029.0,5,False,624,1,64,1,9.75,1,3,1,21.33,3,54,1,0.00,1,1809.9287000000002,5,10,2,False
10,17.1,2008-08-01 05:12:44,169.0,1,False,2090,1,188,1,11.12,1,4,3,47.00,1,68,1,0.00,1,3802.34,10,27,2,True
10,17.2,2008-08-01 12:16:22,25587.0,2,True,274,5,51,4,5.37,9,4,3,12.75,9,20,8,0.00,1,779.9825,7,68,1,False
10,17.3,2008-08-02 14:57:13,121638.0,3,False,251,6,35,7,7.17,2,2,7,17.50,3,34,2,0.00,1,687.4350000000001,5,12,4,True
10,17.4,2008-08-27 15:13:31,2282616.0,4,False,283,4,49,5,5.78,7,3,5,16.33,4,22,6,0.00,1,686.9787,4,5,7,False
10,17.5,2008-09-16 04:07:09,3970634.0,5,False,245,7,47,6,5.21,10,3,5,15.67,7,22,6,0.00,1,710.3213000000001,6,6,5,False
10,17.6,2008-09-17 09:53:05,4077790.0,6,False,111,10,16,10,6.94,3,2,7,8.00,10,8,10,0.00,1,329.7300000000001,1,3,9,False
10,17.7,2008-09-17 20:37:34,4116459.0,7,False,498,2,81,2,6.15,5,5,1,16.20,5,25,5,0.00,1,1524.728,9,20,3,False
10,17.8,2010-12-31 01:04:37,76190082.0,8,False,391,3,67,3,5.84,6,5,1,13.40,8,28,3,0.00,1,862.836,8,6,5,False
10,17.9,2013-09-12 12:00:26,161419831.0,9,False,180,8,26,9,6.92,4,1,10,26.00,2,26,4,0.00,1,383.95000000000005,2,4,8,False
10,17.10,2014-05-01 09:37:09,181369634.0,10,False,180,8,32,8,5.62,8,2,7,16.00,6,17,9,0.00,1,521.65,3,3,9,False
22,19.1,2008-08-01 13:37:59,29797.0,1,False,1342,5,248,4,5.41,18,11,4,22.55,12,59,6,0.00,1,3745.6045,19,56,3,False
22,19.2,2008-08-02 18:22:52,133290.0,2,True,1910,3,316,3,6.04,8,30,1,10.53,20,45,9,0.00,1,4378.1167000000005,20,135,1,False
22,19.3,2008-08-06 22:54:12,495170.0,3,False,128,19,16,20,8.00,2,2,12,8.00,22,16,20,0.00,1,211.73000000000002,3,8,15,False
22,19.4,2008-08-24 17:14:08,2029966.0,4,False,1057,9,165,8,6.41,6,5,7,33.00,6,44,10,0.00,1,3029.88,17,30,5,False
22,19.5,2008-08-29 09:22:16,2433654.0,5,False,143,18,30,18,4.77,22,1,18,30.00,8,30,14,0.00,1,338.31000000000006,5,16,7,False
22,19.6,2008-09-02 13:28:51,2794049.0,6,False,106,20,20,19,5.30,19,1,18,20.00,13,20,17,0.00,1,251.81000000000003,4,68,2,False
22,19.7,2008-09-17 17:49:15,4105673.0,7,False,1359,4,236,5,5.76,12,17,2,13.88,16,52,7,0.00,1,2987.0232,16,7,16,False
22,19.8,2008-10-02 21:27:55,5414793.0,8,False,3157,2,436,2,7.24,3,14,3,31.14,7,91,4,0.01,21,6498.3546,21,11,11,False
22,19.9,2009-01-12 18:24:48,14216606.0,9,False,1060,8,152,9,6.97,4,3,10,50.67,3,105,3,0.00,1,2635.5713,15,7,16,False
22,19.10,2009-01-12 18:46:22,14217900.0,10,False,227,16,39,16,5.82,11,2,12,19.50,14,31,13,0.00,1,593.815,6,14,9,False
22,19.11,2009-02-20 21:21:20,17596798.0,11,False,342,12,62,12,5.52,16,1,18,62.00,2,62,5,0.00,1,964.39,12,7,16,False
22,19.12,2009-02-26 19:22:22,18108060.0,12,False,4740,1,483,1,9.81,1,3,10,161.00,1,468,1,0.02,22,8437.000000000002,22,7,16,False
22,19.13,2009-03-08 03:02:12,18913250.0,13,False,62,21,12,21,5.17,20,1,18,12.00,17,12,21,0.00,1,166.09,1,15,8,False
22,19.14,2009-08-04 21:39:13,31853871.0,14,False,202,17,37,17,5.46,17,2,12,18.50,15,20,17,0.00,1,605.225,7,5,20,False
22,19.15,2009-09-17 16:30:44,35636962.0,15,False,292,14,51,13,5.73,14,2,12,25.50,9,28,15,0.00,1,843.955,11,9,12,False
22,19.16,2009-12-22 15:40:04,43928322.0,16,False,1142,7,185,7,6.17,7,4,8,46.25,4,127,2,0.00,1,2114.6475,14,35,4,False
22,19.17,2009-12-22 21:13:49,43948347.0,17,False,643,10,112,10,5.74,13,11,4,10.18,21,23,16,0.00,1,1640.3802,13,5,20,False
22,19.18,2010-01-06 12:41:03,45213581.0,18,False,302,13,47,15,6.43,5,4,8,11.75,19,19,19,0.00,1,708.7925,10,12,10,True
22,19.19,2010-02-28 03:52:31,49761069.0,19,False,287,15,48,14,5.98,9,2,12,24.00,11,41,11,0.00,1,619.1700000000001,9,9,12,False
22,19.20,2011-02-05 05:26:05,79315483.0,20,False,437,11,79,11,5.53,15,2,12,39.50,5,46,8,0.00,1,613.415,8,9,12,False
22,19.21,2011-10-28 01:02:09,102195647.0,21,False,1314,6,220,6,5.97,10,9,6,24.44,10,40,12,0.00,1,3392.3415999999997,18,26,6,True
22,19.22,2015-08-12 06:55:13,221794431.0,22,False,62,21,12,21,5.17,20,1,18,12.00,17,12,21,0.00,1,166.09,1,1,22,False
4,24.1,2008-08-01 13:02:51,3032.0,1,True,147,4,29,4,5.07,4,2,2,14.50,4,22,4,0.00,1,367.665,1,30,2,False
4,24.2,2011-08-25 11:14:48,96678149.0,2,False,1043,2,158,2,6.60,3,2,2,79.00,1,125,1,0.00,1,2611.22,3,59,1,False
4,24.3,2012-01-28 15:46:57,110172878.0,3,False,1701,1,233,1,7.30,2,7,1,33.29,3,79,2,0.00,1,3537.3931,4,17,3,False
4,24.4,2012-11-08 16:15:33,134798594.0,4,False,645,3,68,3,9.49,1,1,4,68.00,2,68,3,0.00,1,1379.7300000000002,2,4,4,False
10,25.1,2008-08-01 12:22:40,530.0,1,False,339,7,55,8,6.16,7,3,6,18.33,7,41,4,0.00,1,864.7587,4,17,3,False
10,25.2,2008-08-01 12:36:00,1330.0,2,False,620,3,96,3,6.46,4,7,1,13.71,9,28,8,0.00,1,1535.5569000000003,8,23,2,False
10,25.3,2008-08-01 13:40:16,5186.0,3,False,509,4,81,4,6.28,6,4,3,20.25,6,50,2,0.00,1,1396.5075000000002,7,8,7,False
10,25.4,2008-08-29 18:56:19,2443349.0,4,False,1069,1,150,1,7.13,1,6,2,25.00,3,55,1,0.00,1,2436.76,10,4,9,False
10,25.5,2008-09-07 08:21:50,3182880.0,5,False,320,8,62,7,5.16,10,3,6,20.67,5,35,6,0.00,1,783.0713,3,8,7,False
10,25.6,2008-09-21 12:37:01,4407791.0,6,False,61,10,9,10,6.78,2,1,9,9.00,10,9,10,0.00,1,129.52,1,11,6,False
10,25.7,2008-10-11 00:38:49,6092699.0,7,False,413,5,70,5,5.90,8,4,3,17.50,8,25,9,0.00,1,1194.8350000000003,6,12,5,False
10,25.8,2009-05-15 05:27:09,24772399.0,8,False,406,6,70,5,5.80,9,3,6,23.33,4,41,4,0.00,1,1031.9087000000002,5,17,3,False
10,25.9,2009-09-18 11:17:01,35679791.0,9,True,939,2,147,2,6.39,5,4,3,36.75,1,47,3,0.00,1,2264.3425,9,40,1,False
10,25.10,2011-04-11 18:59:23,84955533.0,10,False,199,9,30,9,6.63,3,1,9,30.00,2,30,7,0.00,1,338.31000000000006,2,4,9,False
8,34.1,2008-08-01 13:08:59,2282.0,1,False,774,4,68,6,11.38,2,2,7,34.00,1,39,2,0.00,1,1708.67,4,10,3,True
8,34.2,2008-08-01 13:08:59,2282.0,1,False,869,2,144,3,6.03,4,7,2,20.57,5,37,4,0.00,1,2494.0323000000003,7,15,2,False
8,34.3,2008-08-01 13:14:40,2623.0,3,False,588,6,91,5,6.46,3,3,5,30.33,2,41,1,0.00,1,1754.4387000000002,5,10,3,False
8,34.4,2008-08-01 14:03:22,5545.0,4,False,335,7,59,7,5.68,5,3,5,19.67,6,21,7,0.00,1,936.0812999999999,2,10,3,False
8,34.5,2008-08-14 17:05:34,1139677.0,5,False,929,1,168,1,5.53,7,8,1,21.00,4,32,5,0.00,1,2576.8,8,17,1,False
8,34.6,2008-09-17 10:09:52,4052335.0,6,False,861,3,160,2,5.38,8,7,2,22.86,3,38,3,0.00,1,2282.5254,6,7,6,False
8,34.7,2008-10-06 18:16:34,5723137.0,7,False,601,5,107,4,5.62,6,6,4,17.83,7,22,6,0.00,1,1596.1637000000003,3,5,7,False
8,34.8,2014-07-24 04:48:00,188583423.0,8,False,246,8,8,8,30.75,1,1,8,8.00,8,8,8,0.00,1,412.33000000000004,1,3,8,True
8,36.1,2008-08-01 13:07:52,1916.0,1,False,259,6,50,5,5.18,7,4,4,12.50,6,20,6,0.00,1,779.885,4,17,3,False
8,36.2,2008-08-01 14:06:28,5432.0,2,False,822,2,136,2,6.04,2,5,3,27.20,2,61,1,0.00,1,2083.618,7,13,5,False
8,36.3,2008-08-02 05:20:22,60266.0,3,True,391,4,60,4,6.52,1,2,7,30.00,1,31,3,0.00,1,810.3100000000001,5,62,1,False
8,36.4,2008-08-03 13:59:24,177808.0,4,False,1579,1,271,1,5.83,5,14,1,19.36,4,35,2,0.01,8,4334.3604000000005,8,14,4,False
8,36.5,2008-08-05 01:12:37,304601.0,5,False,130,8,26,7,5.00,8,1,8,26.00,3,26,4,0.00,1,348.55,1,8,7,False
8,36.6,2008-08-06 01:54:21,393505.0,6,False,281,5,48,6,5.85,4,4,4,12.00,7,16,7,0.00,1,732.49,3,12,6,False
8,36.7,2011-03-30 12:07:06,83892670.0,7,False,772,3,130,3,5.94,3,7,2,18.57,5,26,4,0.00,1,1242.4523000000002,6,20,2,False
8,36.8,2014-07-24 04:58:25,188583749.0,8,False,132,7,25,8,5.28,6,3,6,8.33,8,11,8,0.00,1,388.85870000000006,2,3,8,False
2,39.1,2008-08-01 12:55:42,751.0,1,False,277,2,48,2,5.77,2,2,2,24.00,1,26,2,0.00,1,819.77,1,9,2,False
2,39.2,2008-08-01 12:56:37,806.0,2,True,401,1,67,1,5.99,1,3,1,22.33,2,29,1,0.00,1,1125.9187000000002,2,30,1,False
8,42.1,2008-08-01 13:44:35,3257.0,1,False,795,5,138,5,5.76,5,8,3,17.25,7,25,8,0.00,1,2150.5375,4,5,5,False
8,42.2,2008-08-01 13:46:00,3342.0,2,True,2020,3,265,3,7.62,2,11,2,24.09,4,116,2,0.00,1,4713.8051,6,107,1,False
8,42.3,2008-08-01 17:23:43,16405.0,3,False,522,7,99,6,5.27,8,5,6,19.80,5,37,6,0.00,1,1419.9320000000002,2,20,3,False
8,42.4,2008-09-17 19:00:33,4083015.0,4,False,329,8,60,8,5.48,7,2,8,30.00,2,38,4,0.00,1,940.11,1,4,7,False
8,42.5,2008-09-17 19:38:52,4085314.0,5,False,539,6,93,7,5.80,4,5,6,18.60,6,34,7,0.00,1,1572.864,3,5,5,False
8,42.6,2008-09-25 21:29:22,4783144.0,6,False,2794,2,314,2,8.90,1,7,4,44.86,1,124,1,0.01,7,5819.3054,7,8,4,False
8,42.7,2009-06-01 05:59:16,26240938.0,7,False,4639,1,667,1,6.96,3,39,1,17.10,8,101,3,0.02,8,10103.679,8,33,2,False
8,42.8,2013-04-22 07:41:24,149021466.0,8,False,904,4,160,4,5.65,6,6,5,26.67,3,38,4,0.00,1,2661.6113,5,2,8,False
19,48.1,2008-08-01 13:10:16,539.0,1,False,634,10,89,9,7.12,7,2,15,44.50,2,50,10,0.00,1,1641.9650000000001,12,40,2,False
19,48.2,2008-08-01 13:14:30,793.0,2,False,385,12,61,12,6.31,12,1,19,61.00,1,61,5,0.00,1,1011.2000000000002,9,40,2,False
19,48.3,2008-08-02 11:24:57,80620.0,3,False,262,14,48,17,5.46,14,2,15,24.00,9,35,12,0.00,1,678.1700000000001,6,19,4,False
19,48.4,2008-08-03 13:12:21,173464.0,4,False,749,8,111,5,6.75,9,5,3,22.20,11,57,7,0.00,1,1763.068,13,8,7,False
19,48.5,2008-08-05 15:08:42,353245.0,5,False,796,6,123,3,6.47,11,4,6,30.75,6,64,4,0.00,1,1884.4025000000001,15,-4,19,False
19,48.6,2008-08-26 03:41:44,2126427.0,6,False,256,16,51,14,5.02,18,3,9,17.00,14,22,16,0.00,1,640.04,5,9,5,False
19,48.7,2008-08-26 03:44:54,2126617.0,7,False,317,13,60,13,5.28,15,6,1,10.00,19,14,18,0.00,1,778.91,7,7,9,False
19,48.8,2008-08-28 09:34:40,2320403.0,8,True,808,5,94,8,8.60,4,3,9,31.33,5,78,1,0.00,1,1636.8287,11,91,1,False
19,48.9,2008-09-16 11:19:26,3968289.0,9,False,751,7,87,10,8.63,3,4,6,21.75,12,42,11,0.00,1,1833.6925000000003,14,8,7,False
19,48.10,2008-09-16 12:16:05,3971688.0,10,False,159,19,33,18,4.82,19,2,15,16.50,17,20,17,0.00,1,368.44500000000005,1,9,5,False
19,48.11,2012-06-05 09:19:59,121292322.0,11,False,428,11,71,11,6.03,13,3,9,23.67,10,29,15,0.00,1,878.6413,8,6,11,False
19,48.12,2012-10-26 09:53:08,133649511.0,12,False,1412,2,157,2,8.99,2,6,1,26.17,7,60,6,0.00,1,3404.8163,18,7,9,False
19,48.13,2012-11-27 22:27:41,136459584.0,13,False,257,15,50,15,5.14,16,3,9,16.67,15,35,12,0.00,1,628.1113,3,6,11,False
19,48.14,2014-03-03 06:16:35,176231718.0,14,False,672,9,100,6,6.72,10,4,6,25.00,8,65,3,0.00,1,1551.7600000000002,10,5,14,False
19,48.15,2014-03-14 14:51:50,177213033.0,15,False,1163,3,99,7,11.75,1,5,3,19.80,13,53,8,0.00,1,2481.9320000000002,17,4,15,False
19,48.16,2014-10-14 16:02:21,195706864.0,16,False,255,17,50,15,5.10,17,3,9,16.67,15,34,14,0.00,1,628.1113,3,6,11,False
19,48.17,2015-03-28 21:05:52,209981075.0,17,False,863,4,123,3,7.02,8,3,9,41.00,4,51,9,0.00,1,2183.3999999999996,16,4,15,True
19,48.18,2015-08-14 10:01:14,221950797.0,18,False,229,18,27,19,8.48,5,2,15,13.50,18,14,18,0.00,1,473.475,2,1,18,False
19,48.19,2015-09-03 13:30:10,223691333.0,19,False,1530,1,211,1,7.25,6,5,3,42.20,3,68,2,0.00,1,3965.668,19,2,17,False
5,59.1,2008-08-01 13:18:37,244.0,1,False,281,2,43,2,6.53,4,2,1,21.50,3,24,2,0.00,1,688.995,4,35,1,False
5,59.2,2008-08-07 02:35:28,480055.0,2,False,171,3,22,3,7.77,3,1,3,22.00,2,22,3,0.00,1,370.59000000000003,2,0,5,False
5,59.3,2008-09-04 02:57:27,2900574.0,3,True,356,1,63,1,5.65,5,2,1,31.50,1,46,1,0.00,1,1046.8950000000002,5,9,2,False
5,59.4,2008-12-05 01:08:22,10842829.0,4,False,137,4,12,4,11.42,2,1,3,12.00,4,12,4,0.00,1,378.49000000000007,3,4,3,False
5,59.5,2013-04-28 09:27:13,149544760.0,5,False,128,5,10,5,12.80,1,1,3,10.00,5,10,5,0.00,1,306.91,1,1,4,False
1,61.1,2008-08-01 13:20:44,204.0,1,False,1165,1,41,1,28.41,1,1,1,41.00,1,41,1,0.00,1,3304.3999999999996,1,9,1,False
4,66.1,2008-08-01 13:22:04,78.0,1,False,172,4,25,4,6.88,2,2,2,12.50,4,14,4,0.00,1,437.68500000000006,1,49,1,False
4,66.2,2008-08-07 08:22:27,500501.0,2,True,448,3,72,3,6.22,4,2,2,36.00,2,37,3,0.00,1,1190.2500000000002,2,18,2,False
4,66.3,2011-07-16 20:07:57,93250031.0,3,False,751,2,97,2,7.74,1,2,2,48.50,1,76,1,0.00,1,1891.325,3,3,4,False
4,66.4,2012-03-20 12:52:15,114651089.0,4,False,1308,1,195,1,6.71,3,6,1,32.50,3,62,2,0.00,1,3596.085,4,4,3,False
2,72.1,2008-08-02 10:22:41,74654.0,1,False,407,1,78,1,5.22,2,4,1,19.50,2,32,2,0.00,1,1124.8150000000003,2,3,2,False
2,72.2,2008-08-23 04:48:20,1868993.0,2,False,261,2,47,2,5.55,1,2,2,23.50,1,35,1,0.00,1,689.775,1,5,1,False
4,79.1,2008-08-01 14:41:01,2668.0,1,False,242,2,38,2,6.37,2,2,2,19.00,1,23,1,0.00,1,699.8199999999999,3,3,2,False
4,79.2,2008-08-26 13:41:09,2159076.0,2,False,201,3,38,2,5.29,4,2,2,19.00,1,20,3,0.00,1,522.8199999999999,1,1,3,False
4,79.3,2008-08-28 23:47:09,2368236.0,3,False,195,4,34,4,5.74,3,2,2,17.00,3,22,2,0.00,1,557.44,2,1,3,False
4,79.4,2008-09-15 13:26:34,3886201.0,4,True,477,1,74,1,6.45,1,6,1,12.33,4,18,4,0.00,1,1322.6187000000002,4,10,1,True
3,80.1,2008-08-01 16:09:47,7960.0,1,True,374,2,56,2,6.68,1,4,1,14.00,3,25,2,0.00,1,827.6700000000001,2,12,1,False
3,80.2,2008-08-13 16:09:09,1044722.0,2,False,541,1,94,1,5.76,2,4,1,23.50,1,31,1,0.00,1,1468.575,3,7,2,False
3,80.3,2010-09-22 15:37:30,67570823.0,3,False,287,3,54,3,5.31,3,3,3,18.00,2,20,3,0.00,1,746.63,1,1,3,False
13,85.1,2008-08-01 14:26:22,390.0,1,False,661,7,100,6,6.61,6,3,9,33.33,2,54,4,0.00,1,1779.2087000000004,7,6,6,False
13,85.2,2008-08-01 14:52:53,1981.0,2,False,322,10,48,10,6.71,5,4,8,12.00,11,19,11,0.00,1,661.6899999999999,4,18,3,False
13,85.3,2008-08-01 14:58:15,2303.0,3,False,204,11,37,11,5.51,11,3,9,12.33,10,26,10,0.00,1,567.4187000000001,3,12,5,False
13,85.4,2008-08-01 17:45:06,12314.0,4,True,795,5,101,5,7.87,2,6,4,16.83,7,34,7,0.00,1,2032.3737,8,48,1,False
13,85.5,2008-08-08 23:00:54,636062.0,5,False,134,12,26,12,5.15,12,3,9,8.67,13,16,13,0.00,1,329.9913000000001,2,37,2,False
13,85.6,2008-09-18 06:40:00,4119608.0,6,False,115,13,24,13,4.79,13,2,13,12.00,11,17,12,0.00,1,272.2900000000001,1,6,6,False
13,85.7,2008-09-18 07:51:30,4123898.0,7,False,537,8,96,7,5.59,9,3,9,32.00,3,39,6,0.00,1,1495.4900000000002,6,4,9,False
13,85.8,2008-09-21 18:21:07,4420875.0,8,False,1252,3,225,2,5.56,10,9,1,25.00,6,61,2,0.00,1,3475.16,12,14,4,False
13,85.9,2008-10-28 10:45:30,7590338.0,9,False,4053,1,529,1,7.66,3,9,1,58.78,1,186,1,0.03,13,8609.5342,13,5,8,True
13,85.10,2012-12-02 15:49:35,136862983.0,10,False,516,9,91,9,5.67,8,6,4,15.17,8,27,9,0.00,1,1429.9263000000003,5,3,11,False
13,85.11,2012-12-19 20:48:20,138349708.0,11,False,1674,2,94,8,17.81,1,7,3,13.43,9,34,7,0.00,1,2762.6477,11,4,9,False
13,85.12,2013-01-04 00:14:41,139658089.0,12,False,766,6,127,4,6.03,7,5,6,25.40,5,44,5,0.00,1,2059.316,9,2,13,False
13,85.13,2013-05-02 13:57:13,149902641.0,13,False,1042,4,143,3,7.29,4,5,6,28.60,4,61,2,0.00,1,2131.364,10,3,11,True
10,88.1,2008-08-01 14:46:53,635.0,1,False,175,9,30,8,5.83,10,2,8,15.00,6,19,7,0.00,1,474.06000000000006,2,2,9,False
10,88.2,2008-08-01 14:53:47,1049.0,2,True,621,5,95,5,6.54,5,9,2,10.56,9,19,7,0.00,1,1652.3284000000003,6,44,1,False
10,88.3,2008-08-01 14:55:08,1130.0,3,False,415,7,63,7,6.59,4,5,5,12.60,8,16,9,0.00,1,1204.7240000000002,5,6,6,False
10,88.4,2008-08-02 08:08:22,63124.0,4,False,1182,2,176,2,6.72,3,8,3,22.00,1,63,1,0.00,1,2317.59,9,35,2,False
10,88.5,2008-08-02 17:57:06,98448.0,5,False,622,4,98,4,6.35,8,5,5,19.60,2,30,3,0.00,1,1797.4540000000002,7,6,6,False
10,88.6,2008-08-04 00:51:52,209734.0,6,False,2585,1,434,1,5.96,9,23,1,18.87,3,36,2,0.01,10,7189.7693,10,14,3,False
10,88.7,2008-08-04 14:44:56,259718.0,7,False,271,8,27,9,10.04,1,2,8,13.50,7,22,6,0.00,1,721.275,3,9,5,True
10,88.8,2008-08-18 15:40:14,1472636.0,8,False,469,6,73,6,6.42,7,4,7,18.25,4,30,3,0.00,1,1183.3275000000003,4,1,10,False
10,88.9,2008-08-18 15:51:01,1473283.0,9,False,70,10,10,10,7.00,2,1,10,10.00,10,10,10,0.00,1,153.51000000000002,1,12,4,False
10,88.10,2012-06-26 15:57:14,123124856.0,10,False,766,3,118,3,6.49,6,7,4,16.86,5,30,3,0.00,1,2221.1854000000003,8,3,8,False
3,90.1,2008-08-01 14:45:37,253.0,1,False,125,2,18,3,6.94,2,2,1,9.00,3,13,3,0.00,1,353.72,2,12,2,False
3,90.2,2008-10-14 18:41:45,6408021.0,2,False,110,3,19,2,5.79,3,1,2,19.00,2,19,2,0.00,1,298.62000000000006,1,2,3,False
3,90.3,2009-09-23 15:40:46,36118762.0,3,False,168,1,24,1,7.00,1,1,2,24.00,1,24,1,0.00,1,465.77000000000004,3,14,1,False
15,104.1,2008-08-01 15:19:25,411.0,1,False,125,15,23,15,5.43,12,1,14,23.00,6,23,12,0.00,1,406.38000000000005,1,9,6,False
15,104.2,2008-08-01 15:23:33,659.0,2,False,447,10,91,9,4.91,15,5,8,18.20,10,32,10,0.00,1,1336.708,6,5,10,False
15,104.3,2008-08-01 15:28:12,938.0,3,True,1542,2,252,2,6.12,7,12,3,21.00,9,64,2,0.00,1,4523.8,14,84,1,False
15,104.4,2008-08-01 17:52:46,9612.0,4,False,1429,3,225,5,6.35,5,10,5,22.50,8,34,9,0.00,1,4512.585,13,24,2,False
15,104.5,2008-08-01 17:57:14,9880.0,5,False,1340,5,233,4,5.75,10,10,5,23.30,5,58,5,0.00,1,4017.297,11,12,4,False
15,104.6,2008-08-04 14:09:47,255433.0,6,False,150,14,24,14,6.25,6,2,13,12.00,14,16,15,0.00,1,449.2900000000001,2,5,10,False
15,104.7,2008-08-05 22:47:49,372915.0,7,False,597,9,92,8,6.49,4,4,9,23.00,6,54,6,0.00,1,1739.7800000000002,8,5,10,False
15,104.8,2008-08-07 13:17:27,511493.0,8,False,887,7,151,7,5.87,8,11,4,13.73,13,25,11,0.00,1,2396.9647,9,3,13,False
15,104.9,2008-08-14 23:16:39,1152245.0,9,False,619,8,78,10,7.94,3,3,10,26.00,2,59,4,0.00,1,1693.7500000000002,7,12,4,True
15,104.10,2008-08-15 16:11:41,1213147.0,10,False,1389,4,242,3,5.74,11,10,5,24.20,3,69,1,0.00,1,4041.248,12,20,3,False
15,104.11,2008-08-16 19:54:30,1312916.0,11,False,351,12,41,12,8.56,1,1,14,41.00,1,41,8,0.00,1,932.6,4,9,6,True
15,104.12,2008-08-20 18:39:25,1654011.0,12,False,182,13,36,13,5.06,14,3,10,12.00,14,19,14,0.00,1,496.49000000000007,3,2,14,False
15,104.13,2008-08-27 14:12:23,2242789.0,13,False,1221,6,208,6,5.87,8,13,2,16.00,11,50,7,0.00,1,3459.85,10,7,8,False
15,104.14,2008-09-01 12:19:13,2667999.0,14,False,1981,1,379,1,5.23,13,16,1,23.69,4,62,3,0.01,15,5586.8491,15,6,9,False
15,104.15,2014-08-27 15:22:06,191549372.0,15,False,357,11,43,11,8.30,2,3,10,14.33,12,22,13,0.00,1,1087.3987000000002,5,1,15,True
8,108.1,2008-08-01 15:27:23,294.0,1,True,373,3,69,3,5.41,7,4,3,17.25,3,25,3,0.00,1,1041.3375,6,34,1,False
8,108.2,2008-08-01 15:32:11,582.0,2,False,183,6,31,6,5.90,5,4,3,7.75,8,15,6,0.00,1,459.4325,3,5,3,False
8,108.3,2008-08-01 15:32:42,613.0,3,False,62,7,9,7,6.89,1,1,7,9.00,6,9,7,0.00,1,176.72,2,8,2,False
8,108.4,2008-08-01 15:34:43,734.0,4,False,666,2,118,1,5.64,6,7,1,16.86,4,31,1,0.00,1,1819.9854,7,3,5,False
8,108.5,2008-08-01 17:47:54,8725.0,5,False,297,4,49,4,6.06,2,3,5,16.33,5,20,5,0.00,1,793.1787,5,4,4,False
8,108.6,2008-08-02 11:30:47,72498.0,6,False,40,8,8,8,5.00,8,1,7,8.00,7,8,8,0.00,1,34.730000000000004,1,2,6,False
8,108.7,2008-10-21 14:36:13,6995624.0,7,False,208,5,35,5,5.94,4,2,6,17.50,2,25,3,0.00,1,522.235,4,2,6,False
8,108.8,2009-06-06 23:59:35,26728626.0,8,False,674,1,113,2,5.96,3,6,2,18.83,1,26,2,0.00,1,1950.5537000000002,8,1,8,False
2,109.1,2008-08-02 01:38:14,36909.0,1,False,283,2,53,2,5.34,2,3,2,17.67,2,39,2,0.00,1,616.7013000000001,1,2,2,False
2,109.2,2008-08-05 17:02:30,351565.0,2,True,572,1,83,1,6.89,1,4,1,20.75,1,57,1,0.00,1,1656.3025000000002,2,8,1,False
1,120.1,2008-09-23 22:41:11,4603863.0,1,False,1121,1,144,1,7.78,1,3,1,48.00,1,85,1,0.00,1,2752.5299999999997,1,8,1,False
16,123.1,2008-08-01 16:31:43,1371.0,1,False,284,10,54,10,5.26,11,1,11,54.00,5,54,6,0.00,1,819.67,7,2,13,False
16,123.2,2008-08-01 18:51:12,9740.0,2,True,92,15,19,15,4.84,14,1,11,19.00,11,19,14,0.00,1,216.02,2,50,1,False
16,123.3,2008-08-01 19:21:57,11585.0,3,False,469,8,86,8,5.45,9,5,2,17.20,12,43,9,0.00,1,1206.5180000000003,9,10,7,False
16,123.4,2008-08-02 19:06:38,97066.0,4,False,244,12,46,11,5.30,10,1,11,46.00,6,46,8,0.00,1,674.95,5,4,11,False
16,123.5,2008-08-04 01:07:07,205095.0,5,False,604,7,106,4,5.70,8,1,11,106.00,2,106,4,0.00,1,1654.15,10,4,11,False
16,123.6,2008-08-09 11:06:58,673086.0,6,False,1809,3,184,3,9.83,4,3,5,61.33,4,155,3,0.00,1,3630.9287000000004,14,21,3,False
16,123.7,2008-08-21 23:17:56,1753744.0,7,False,2913,2,247,2,11.79,2,3,5,82.33,3,169,2,0.00,1,5574.3187,15,12,5,False
16,123.8,2008-09-10 07:06:23,3423451.0,8,False,3875,1,292,1,13.27,1,1,11,292.00,1,292,1,0.00,1,6800.6900000000005,16,37,2,False
16,123.9,2008-09-16 16:07:45,3974333.0,9,False,61,16,13,16,4.69,16,1,11,13.00,15,13,16,0.00,1,142.88,1,1,14,False
16,123.10,2008-09-27 23:43:44,4952092.0,10,False,1008,4,98,6,10.29,3,4,3,24.50,8,75,5,0.00,1,2554.565,13,14,4,False
16,123.11,2008-09-30 21:22:05,5202793.0,11,False,235,13,46,11,5.11,12,2,10,23.00,9,23,13,0.00,1,630.58,4,5,10,False
16,123.12,2008-10-02 06:08:16,5320764.0,12,False,751,5,87,7,8.63,5,3,5,29.00,7,51,7,0.00,1,1730.3200000000002,11,10,7,False
16,123.13,2008-10-16 14:33:17,6560665.0,13,False,155,14,33,14,4.70,15,3,5,11.00,16,19,14,0.00,1,342.70000000000005,3,8,9,False
16,123.14,2010-08-11 05:49:54,63898862.0,14,False,268,11,45,13,5.96,7,3,5,15.00,14,26,12,0.00,1,780.86,6,11,6,False
16,123.15,2014-04-16 00:12:54,180000242.0,15,False,430,9,86,8,5.00,13,4,3,21.50,10,43,9,0.00,1,1149.1950000000002,8,1,14,False
16,123.16,2015-04-29 20:01:12,212730740.0,16,False,657,6,100,5,6.57,6,6,1,16.67,13,29,11,0.00,1,1772.7113000000002,12,1,14,True
18,126.1,2008-08-01 16:13:47,197.0,1,True,349,13,63,12,5.54,14,2,11,31.50,4,35,9,0.00,1,1046.8950000000002,6,49,1,False
18,126.2,2008-08-01 16:19:04,514.0,2,False,500,9,93,5,5.38,15,6,3,15.50,16,23,15,0.00,1,1465.4550000000002,11,15,4,False
18,126.3,2008-08-01 16:43:30,1980.0,3,False,573,6,84,8,6.82,1,2,11,42.00,1,78,1,0.00,1,1581.9900000000002,13,11,5,False
18,126.4,2008-08-01 16:56:55,2785.0,4,False,367,12,60,13,6.12,5,2,11,30.00,5,33,12,0.00,1,1093.5100000000002,7,6,8,False
18,126.5,2008-08-01 17:01:27,3057.0,5,False,510,8,90,7,5.67,12,5,5,18.00,13,39,6,0.00,1,1348.43,9,5,10,False
18,126.6,2008-08-01 18:23:59,8009.0,6,False,628,3,113,2,5.56,13,7,2,16.14,15,22,16,0.00,1,1760.7046,16,38,2,False
18,126.7,2008-08-06 14:43:54,426804.0,7,False,417,11,72,11,5.79,9,3,8,24.00,9,34,11,0.00,1,1268.17,8,5,10,False
18,126.8,2008-08-18 17:37:01,1473991.0,8,False,181,17,34,17,5.32,17,2,11,17.00,14,24,14,0.00,1,474.84000000000003,2,5,10,False
18,126.9,2008-08-18 17:43:29,1474379.0,9,False,686,2,113,2,6.07,7,4,6,28.25,6,58,3,0.00,1,1907.0275000000001,17,4,13,False
18,126.10,2008-08-22 11:15:45,1796715.0,10,False,241,16,38,16,6.34,4,1,18,38.00,3,38,8,0.00,1,660.0300000000001,3,6,8,False
18,126.11,2008-08-22 11:34:06,1797816.0,11,False,287,15,48,15,5.98,8,2,11,24.00,9,39,6,0.00,1,843.37,4,4,13,False
18,126.12,2008-09-15 09:46:13,3864943.0,12,False,320,14,60,13,5.33,16,3,8,20.00,12,21,17,0.00,1,877.2099999999999,5,4,13,False
18,126.13,2008-09-19 00:13:34,4176184.0,13,False,1517,1,248,1,6.12,5,11,1,22.55,11,40,5,0.00,1,4253.0045,18,21,3,False
18,126.14,2008-09-24 17:04:35,4668845.0,14,False,587,4,91,6,6.45,2,6,3,15.17,17,27,13,0.00,1,1677.7263000000003,15,4,13,False
18,126.15,2008-09-24 17:24:17,4670027.0,15,False,521,7,82,10,6.35,3,2,11,41.00,2,60,2,0.00,1,1593.4,14,11,5,False
18,126.16,2008-10-01 10:51:49,5251279.0,16,False,84,18,17,18,4.94,18,2,11,8.50,18,15,18,0.00,1,211.925,1,4,13,False
18,126.17,2010-01-20 08:32:59,46369349.0,17,False,586,5,102,4,5.75,10,4,6,25.50,8,35,9,0.00,1,1575.555,12,4,13,False
18,126.18,2011-06-04 15:42:09,89595099.0,18,False,477,10,83,9,5.75,10,3,8,27.67,7,44,4,0.00,1,1434.8013000000003,10,9,7,False
5,129.1,2008-08-01 16:36:42,840.0,1,False,554,3,97,3,5.71,4,4,3,24.25,2,34,4,0.00,1,1445.2675000000002,4,5,3,False
5,129.2,2008-08-01 16:47:54,1512.0,2,False,386,4,66,4,5.85,2,2,4,33.00,1,44,1,0.00,1,917.6800000000001,2,3,5,True
5,129.3,2008-08-01 17:54:08,5486.0,3,False,145,5,25,5,5.80,3,2,4,12.50,5,15,5,0.00,1,378.68500000000006,1,51,1,False
5,129.4,2008-09-15 16:11:20,3887318.0,4,False,581,2,102,2,5.70,5,5,2,20.40,4,38,2,0.00,1,1443.766,3,5,3,False
5,129.5,2008-09-15 16:23:13,3888031.0,5,False,883,1,149,1,5.93,1,7,1,21.29,3,35,3,0.00,1,2211.1131,5,6,2,False
1,134.1,2008-08-01 19:52:14,11916.0,1,True,187,1,33,1,5.67,1,1,1,33.00,1,33,1,0.00,1,504.68,1,8,1,False
8,145.1,2008-08-01 17:28:24,916.0,1,False,211,4,39,4,5.41,4,2,4,19.50,3,25,3,0.00,1,534.815,5,8,3,False
8,145.2,2008-08-01 17:30:56,1068.0,2,False,54,6,10,6,5.40,5,2,4,5.00,8,6,8,0.00,1,139.76,1,17,1,False
8,145.3,2008-08-01 18:04:25,3077.0,3,False,402,2,59,3,6.81,2,4,2,14.75,4,19,4,0.00,1,1111.1625000000001,6,4,5,True
8,145.4,2008-08-04 23:52:51,283183.0,4,False,362,3,69,2,5.25,6,3,3,23.00,2,32,2,0.00,1,1137.9800000000002,7,4,5,False
8,145.5,2008-08-05 12:04:41,327093.0,5,False,1192,1,144,1,8.28,1,5,1,28.80,1,87,1,0.00,1,2898.442,8,17,1,False
8,145.6,2011-12-08 22:29:36,105772588.0,6,False,45,7,7,8,6.43,3,1,7,7.00,7,7,7,0.00,1,140.54,2,3,8,False
8,145.7,2012-05-13 02:01:39,119263711.0,7,False,45,7,9,7,5.00,8,1,7,9.00,6,9,6,0.00,1,153.12,3,4,5,False
8,145.8,2013-11-17 16:08:25,167093717.0,8,False,98,5,19,5,5.16,7,2,4,9.50,5,11,5,0.00,1,247.715,4,5,4,False
7,146.1,2008-08-01 17:24:24,566.0,1,False,365,4,70,4,5.21,7,4,3,17.50,5,21,5,0.00,1,935.235,4,3,6,False
7,146.2,2008-08-01 17:33:58,1140.0,2,True,1348,1,163,1,8.27,2,8,1,20.38,3,79,1,0.00,1,3496.9582,7,23,1,True
7,146.3,2008-08-01 17:42:04,1626.0,3,False,245,5,42,5,5.83,4,2,5,21.00,1,22,4,0.00,1,641.6,3,6,5,False
7,146.4,2008-08-01 17:51:55,2217.0,4,False,67,6,8,6,8.38,1,2,5,4.00,7,5,7,0.00,1,127.57000000000002,2,21,2,True
7,146.5,2008-09-04 18:44:22,2942964.0,5,False,673,2,124,2,5.43,6,6,2,20.67,2,25,2,0.00,1,1915.8713000000002,6,0,7,False
7,146.6,2008-10-12 09:10:45,6191747.0,6,False,403,3,73,3,5.52,5,4,3,18.25,4,23,3,0.00,1,1100.7275000000002,5,7,4,False
7,146.7,2009-10-02 02:12:55,36838677.0,7,False,52,7,8,6,6.50,3,1,7,8.00,6,8,6,0.00,1,70.13000000000001,1,16,3,False
7,163.1,2008-08-01 18:08:16,483.0,1,False,299,4,47,4,6.36,3,3,3,15.67,5,35,2,0.00,1,781.1213,4,22,3,False
7,163.2,2008-08-01 18:24:30,1457.0,2,True,236,6,35,6,6.74,2,3,3,11.67,7,14,7,0.00,1,626.1613,2,25,1,False
7,163.3,2008-08-13 01:28:33,977300.0,3,False,780,2,136,2,5.74,7,6,2,22.67,3,34,3,0.00,1,2093.6513,6,8,5,False
7,163.4,2008-08-16 18:00:22,1296009.0,4,False,2487,1,328,1,7.58,1,10,1,32.80,1,59,1,0.01,7,6050.602000000001,7,23,2,False
7,163.5,2008-09-15 19:04:33,3891860.0,5,False,343,3,59,3,5.81,6,3,3,19.67,4,33,4,0.00,1,936.0812999999999,5,8,5,False
7,163.6,2008-10-01 11:51:48,5248295.0,6,False,203,7,32,7,6.34,4,1,7,32.00,2,32,5,0.00,1,563.2900000000001,1,4,7,False
7,163.7,2008-12-17 10:17:00,11895407.0,7,False,240,5,41,5,5.85,5,3,3,13.67,6,27,6,0.00,1,650.5413000000001,3,15,4,False
9,164.1,2008-08-01 18:08:53,391.0,1,False,261,7,36,7,7.25,5,4,4,9.00,9,15,9,0.00,1,660.52,3,3,6,False
9,164.2,2008-08-02 11:05:55,61413.0,2,False,992,5,177,3,5.60,8,9,1,19.67,6,38,5,0.00,1,2859.4813,6,4,5,True
9,164.3,2008-08-03 14:27:20,159898.0,3,True,883,6,54,6,16.35,2,1,9,54.00,2,54,4,0.00,1,2070.47,4,33,1,True
9,164.4,2008-08-04 02:14:59,202357.0,4,False,1042,4,192,2,5.43,9,9,1,21.33,5,37,6,0.00,1,2942.7286999999997,7,2,7,False
9,164.5,2008-08-08 18:29:13,606411.0,5,False,193,8,32,8,6.03,6,2,6,16.00,7,25,7,0.00,1,521.65,2,18,2,False
9,164.6,2008-11-10 19:52:28,8733006.0,6,False,164,9,28,9,5.86,7,2,6,14.00,8,16,8,0.00,1,438.27000000000004,1,6,3,False
9,164.7,2009-08-04 14:55:37,31783995.0,7,False,1854,2,112,4,16.55,1,5,3,22.40,4,93,2,0.00,1,3167.346,8,6,3,True
9,164.8,2009-11-06 20:00:01,39923859.0,8,False,1152,3,101,5,11.41,3,2,6,50.50,3,83,3,0.00,1,2600.105,5,1,9,True
9,164.9,2013-06-06 16:03:02,152920840.0,9,False,2119,1,248,1,8.54,4,4,4,62.00,1,190,1,0.00,1,4244.79,9,2,7,True
28,173.1,2008-08-01 19:28:25,3317.0,1,False,982,8,175,7,5.61,23,9,5,19.44,16,46,8,0.00,1,2646.9916,20,30,3,True
28,173.2,2008-08-02 17:33:54,82846.0,2,True,1563,3,244,2,6.41,6,14,1,17.43,19,38,10,0.00,1,4487.0077,27,141,1,True
28,173.3,2008-08-02 17:54:50,84102.0,3,False,889,9,142,9,6.26,8,5,11,28.40,5,48,6,0.00,1,2803.886,21,5,12,False
28,173.4,2008-08-03 01:49:58,112610.0,4,False,472,17,80,17,5.90,18,5,11,16.00,21,28,21,0.00,1,1406.65,12,2,20,False
28,173.5,2008-08-06 22:51:35,447507.0,5,False,182,28,31,27,5.87,19,2,24,15.50,22,21,24,0.00,1,568.655,2,4,14,False
28,173.6,2008-08-06 23:00:16,448028.0,6,False,448,18,80,17,5.60,24,4,15,20.00,15,28,21,0.00,1,1231.21,11,2,20,False
28,173.7,2008-08-07 21:12:01,527933.0,7,False,407,20,75,19,5.43,26,3,21,25.00,8,35,13,0.00,1,1185.9600000000003,10,10,8,False
28,173.8,2008-08-07 21:21:01,528473.0,8,False,413,19,74,20,5.58,25,4,15,18.50,17,26,23,0.00,1,1183.4250000000002,9,3,16,False
28,173.9,2008-08-22 17:13:23,1809615.0,9,False,529,16,85,15,6.22,10,7,7,12.14,24,31,18,0.00,1,1570.3446000000001,13,2,20,False
28,173.10,2008-08-26 07:23:51,2119843.0,10,False,628,14,94,14,6.68,4,2,24,47.00,3,47,7,0.00,1,1926.14,17,31,2,False
28,173.11,2008-09-16 17:55:32,3972144.0,11,False,347,21,74,20,4.69,28,4,15,18.50,17,35,13,0.00,1,817.625,6,2,20,False
28,173.12,2008-09-16 18:16:59,3973431.0,12,False,186,27,29,28,6.41,6,2,24,14.50,23,21,24,0.00,1,497.4650000000001,1,12,5,True
28,173.13,2008-09-24 05:49:35,4619787.0,13,False,598,15,84,16,7.12,2,3,21,28.00,7,32,17,0.00,1,1670.9300000000003,15,2,20,False
28,173.14,2008-09-24 06:11:22,4621094.0,14,False,768,11,130,11,5.91,17,6,9,21.67,11,31,18,0.00,1,2293.8613,19,7,10,False
28,173.15,2008-09-24 12:53:48,4645240.0,15,False,3670,1,542,1,6.77,3,9,5,60.22,2,327,1,0.01,28,6580.495800000001,28,3,16,False
28,173.16,2008-10-09 14:54:12,5948464.0,16,False,2777,2,178,6,15.60,1,4,15,44.50,4,103,3,0.00,1,2975.3650000000002,22,3,16,False
28,173.17,2008-10-15 09:44:04,6448256.0,17,False,1148,6,198,5,5.80,21,7,7,28.29,6,56,4,0.00,1,3264.0431000000003,23,11,7,False
28,173.18,2009-05-15 19:26:32,24800004.0,18,False,1339,4,228,3,5.87,19,10,3,22.80,9,52,5,0.00,1,3651.3019999999997,26,2,20,True
28,173.19,2009-05-16 11:31:13,24857885.0,19,False,632,13,106,13,5.96,16,11,2,9.64,28,21,24,0.00,1,1640.1696000000002,14,5,12,False
28,173.20,2009-07-07 12:58:34,29355926.0,20,False,334,22,55,22,6.07,14,5,11,11.00,26,29,20,0.00,1,956.3,8,6,11,True
28,173.21,2009-08-06 10:28:36,31938928.0,21,False,1270,5,204,4,6.23,9,10,3,20.40,14,36,11,0.00,1,3626.766,25,2,20,True
28,173.22,2009-11-02 22:17:17,39584649.0,22,False,239,25,44,25,5.43,26,4,15,11.00,26,19,27,0.00,1,625.9,4,2,20,True
28,173.23,2010-07-01 09:10:15,60359827.0,23,False,665,12,107,12,6.21,11,5,11,21.40,12,36,11,0.00,1,1880.756,16,19,4,True
28,173.24,2010-09-23 02:35:41,67593753.0,24,False,309,23,51,23,6.06,15,3,21,17.00,20,33,16,0.00,1,746.24,5,4,14,True
28,173.25,2011-02-24 18:28:51,80956543.0,25,False,804,10,131,10,6.14,13,6,9,21.83,10,43,9,0.00,1,2223.1237,18,3,16,True
28,173.26,2011-02-25 20:18:05,81049497.0,26,False,238,26,41,26,5.80,21,2,24,20.50,13,34,15,0.00,1,606.005,3,9,9,False
28,173.27,2015-06-23 11:26:15,217443187.0,27,False,284,24,46,24,6.17,12,4,15,11.50,25,14,28,0.00,1,897.495,7,1,28,False
28,173.28,2015-06-24 10:36:56,217526628.0,28,False,1098,7,170,8,6.46,5,2,24,85.00,1,135,2,0.00,1,3286.1600000000003,24,12,5,True
6,174.1,2008-08-02 00:42:35,22127.0,1,False,226,5,39,5,5.79,4,3,1,13.00,6,21,5,0.00,1,544.08,2,1,2,False
6,174.2,2008-08-03 18:06:30,171162.0,2,False,682,1,86,1,7.93,1,3,1,28.67,1,50,1,0.00,1,1482.3913000000002,6,25,1,False
6,174.3,2008-09-20 17:37:33,4316625.0,3,False,215,6,40,4,5.38,6,3,1,13.33,5,16,6,0.00,1,485.2087,1,0,5,False
6,174.4,2009-06-17 17:36:22,27644554.0,4,False,310,2,52,2,5.96,3,2,4,26.00,2,48,2,0.00,1,749.75,5,0,5,True
6,174.5,2010-04-12 17:57:20,53479412.0,5,False,277,3,50,3,5.54,5,2,4,25.00,3,39,3,0.00,1,702.16,4,1,2,False
6,174.6,2012-08-15 13:27:40,127421632.0,6,False,245,4,38,6,6.45,2,2,4,19.00,4,37,4,0.00,1,570.02,3,1,2,False
3,175.1,2008-08-10 10:44:36,749302.0,1,False,138,3,24,3,5.75,3,1,3,24.00,2,24,2,0.00,1,383.1700000000001,1,1,3,False
3,175.2,2008-09-15 18:54:44,3889110.0,2,False,937,1,127,1,7.38,1,5,1,25.40,1,51,1,0.00,1,2106.516,3,13,1,True
3,175.3,2008-09-20 02:28:20,4261926.0,3,False,588,2,88,2,6.68,2,5,1,17.60,3,24,2,0.00,1,1655.0740000000003,2,4,2,True
10,176.1,2008-08-01 19:58:45,4865.0,1,True,276,5,45,4,6.13,8,2,3,22.50,2,40,3,0.00,1,630.385,6,62,2,False
10,176.2,2008-08-01 22:20:05,13345.0,2,False,224,6,39,5,5.74,10,2,3,19.50,3,26,4,0.00,1,570.215,5,5,4,False
10,176.3,2008-08-02 01:10:41,23581.0,3,False,199,8,29,6,6.86,5,2,3,14.50,5,18,8,0.00,1,509.26500000000004,4,9,3,False
10,176.4,2008-08-09 02:51:15,634415.0,4,False,311,4,28,8,11.11,1,2,3,14.00,7,20,5,0.00,1,827.6700000000001,7,2,7,False
10,176.5,2008-08-29 06:13:17,2374537.0,5,False,106,10,13,10,8.15,3,1,10,13.00,9,13,10,0.00,1,272.68000000000006,1,3,6,False
10,176.6,2008-09-22 23:22:10,4509870.0,6,False,207,7,28,8,7.39,4,2,3,14.00,7,19,6,0.00,1,438.27000000000004,3,0,10,False
10,176.7,2008-09-22 23:29:15,4510295.0,7,False,453,2,77,1,5.88,9,2,3,38.50,1,61,1,0.00,1,1179.4250000000002,9,2,7,False
10,176.8,2009-07-02 23:54:59,28963039.0,8,False,181,9,29,6,6.24,7,2,3,14.50,5,18,8,0.00,1,379.46500000000003,2,2,7,False
10,176.9,2010-04-02 20:50:36,52625576.0,9,False,333,3,51,3,6.53,6,4,1,12.75,10,19,6,0.00,1,862.5825,8,4,5,False
10,176.10,2010-08-26 15:29:29,65220709.0,10,False,758,1,74,2,10.24,2,4,1,18.50,4,43,2,0.00,1,2033.0250000000003,10,112,1,True
9,180.1,2008-08-01 19:36:46,3267.0,1,False,1446,2,224,2,6.46,5,5,2,44.80,3,168,2,0.00,1,3530.0820000000003,8,1,6,False
9,180.2,2008-08-02 18:16:07,84828.0,2,False,251,8,54,7,4.65,9,4,3,13.50,9,16,9,0.00,1,591.475,1,3,5,False
9,180.3,2008-08-02 19:03:52,87693.0,3,True,1013,3,184,3,5.51,7,7,1,26.29,4,45,4,0.00,1,2838.4631,7,17,1,False
9,180.4,2008-09-12 19:00:13,3629874.0,4,False,366,6,55,6,6.65,4,3,5,18.33,6,22,7,0.00,1,1077.1587000000002,4,16,2,False
9,180.5,2008-09-18 16:01:24,4137545.0,5,False,315,7,47,8,6.70,3,3,5,15.67,8,20,8,0.00,1,993.5213000000001,3,7,3,False
9,180.6,2008-09-27 16:39:09,4917410.0,6,False,2456,1,363,1,6.77,2,2,7,181.50,1,346,1,0.01,9,3937.395,9,4,4,True
9,180.7,2009-09-30 18:00:26,36717487.0,7,False,244,9,47,8,5.19,8,2,7,23.50,5,26,5,0.00,1,689.775,2,0,8,False
9,180.8,2011-10-19 01:58:23,101373364.0,8,False,927,4,111,4,8.35,1,2,7,55.50,2,67,3,0.00,1,1339.4550000000002,6,1,6,False
9,180.9,2014-02-07 17:43:13,174178854.0,9,False,410,5,67,5,6.12,6,4,3,16.75,7,24,6,0.00,1,1088.3425000000002,5,0,8,False
4,192.1,2008-08-01 20:02:08,2335.0,1,False,515,1,64,3,8.05,1,3,3,21.33,1,30,2,0.00,1,1385.1287000000002,4,24,1,False
4,192.2,2008-08-01 20:05:12,2519.0,2,False,498,2,76,2,6.55,2,7,1,10.86,4,26,3,0.00,1,1298.4454000000003,3,8,3,False
4,192.3,2008-08-01 23:17:53,14080.0,3,True,198,4,40,4,4.95,4,2,4,20.00,2,24,4,0.00,1,511.41,1,17,2,False
4,192.4,2008-08-02 12:28:12,61499.0,4,False,461,3,80,1,5.76,3,4,2,20.00,2,39,1,0.00,1,1219.41,2,8,3,False
5,194.1,2008-08-01 19:34:49,492.0,1,True,832,1,159,1,5.23,5,8,1,19.88,4,31,3,0.00,1,2045.3632000000005,4,5,1,False
5,194.2,2008-08-03 23:56:54,189017.0,2,False,350,5,64,4,5.47,3,3,4,21.33,3,25,4,0.00,1,983.9287,2,1,4,False
5,194.3,2008-08-04 00:23:55,190638.0,3,False,767,2,140,2,5.48,2,6,2,23.33,2,36,2,0.00,1,2176.5087,5,1,4,False
5,194.4,2008-08-04 01:29:18,194561.0,4,False,395,3,75,3,5.27,4,5,3,15.00,5,21,5,0.00,1,863.46,1,2,2,False
5,194.5,2008-09-07 13:10:39,3174242.0,5,False,359,4,60,5,5.98,1,2,5,30.00,1,37,1,0.00,1,1081.7100000000003,3,2,2,False
10,227.1,2008-08-01 23:10:56,5401.0,1,False,389,7,41,10,9.49,1,1,9,41.00,4,41,8,0.00,1,708.4,2,23,1,False
10,227.2,2008-08-01 23:58:35,8260.0,2,False,472,6,56,6,8.43,2,2,7,28.00,7,42,7,0.00,1,939.3299999999999,5,4,5,False
10,227.3,2008-08-02 00:03:33,8558.0,3,False,333,8,55,7,6.05,8,4,4,13.75,8,32,9,0.00,1,898.3725,4,4,5,False
10,227.4,2008-08-02 00:20:59,9604.0,4,False,326,9,54,8,6.04,9,4,4,13.50,9,27,10,0.00,1,827.475,3,1,8,False
10,227.5,2008-08-02 08:08:25,37650.0,5,False,706,5,101,5,6.99,6,8,1,12.62,10,71,5,0.00,1,1369.9318000000003,6,5,4,False
10,227.6,2008-08-03 13:01:24,141629.0,6,False,240,10,46,9,5.22,10,1,9,46.00,3,46,6,0.00,1,639.5500000000001,1,17,3,False
10,227.7,2008-09-17 21:29:41,4060126.0,7,False,2315,1,282,1,8.21,3,7,2,40.29,5,234,1,0.00,1,4130.1231,10,4,5,False
10,227.8,2008-10-02 21:47:32,5357197.0,8,False,859,4,105,4,8.18,4,2,7,52.50,1,90,4,0.00,1,2187.8849999999998,8,-1,10,False
10,227.9,2010-05-31 11:53:57,57679982.0,9,True,965,3,147,3,6.56,7,3,6,49.00,2,93,3,0.00,1,2044.9200000000003,7,20,2,True
10,227.10,2010-07-14 18:19:27,61504712.0,10,False,1438,2,198,2,7.26,5,6,3,33.00,6,117,2,0.00,1,2982.68,9,0,9,False
3,231.1,2008-08-01 22:12:30,256.0,1,False,521,2,87,2,5.99,3,4,2,21.75,2,26,2,0.00,1,1314.4925000000003,2,11,1,False
3,231.2,2008-08-01 22:18:21,607.0,2,False,194,3,27,3,7.19,1,2,3,13.50,3,14,3,0.00,1,473.475,1,3,3,True
3,231.3,2008-08-05 01:49:25,272471.0,3,True,1068,1,151,1,7.07,2,5,1,30.20,1,60,1,0.00,1,2863.5879999999997,3,11,1,False
4,234.1,2008-08-01 22:22:37,543.0,1,False,540,3,71,3,7.61,1,4,2,17.75,3,35,3,0.00,1,1348.3325,2,14,2,True
4,234.2,2008-08-01 22:31:36,1082.0,2,False,260,4,43,4,6.05,3,3,4,14.33,4,19,4,0.00,1,497.3987,1,12,3,False
4,234.3,2008-08-15 12:50:22,1175808.0,3,True,1147,1,186,1,6.17,2,4,2,46.50,1,101,1,0.00,1,2692.945,4,34,1,False
4,234.4,2008-09-21 22:05:23,4405909.0,4,False,763,2,135,2,5.65,4,6,1,22.50,2,65,2,0.00,1,1975.5850000000003,3,7,4,False
3,246.1,2008-08-04 17:05:37,239455.0,1,False,181,3,37,3,4.89,3,2,3,18.50,1,20,3,0.00,1,416.425,1,3,2,False
3,246.2,2008-08-30 09:14:30,2457588.0,2,False,355,2,60,2,5.92,2,4,1,15.00,3,21,2,0.00,1,934.26,2,2,3,False
3,246.3,2008-10-06 23:58:50,5707448.0,3,True,437,1,71,1,6.15,1,4,1,17.75,2,25,1,0.00,1,1194.9325000000001,3,7,1,False
9,260.1,2008-08-01 23:49:57,1669.0,1,False,943,2,163,2,5.79,6,6,3,27.17,4,39,3,0.00,1,2650.0063,8,4,5,False
9,260.2,2008-08-02 01:49:46,8858.0,2,True,851,4,137,3,6.21,2,8,1,17.12,6,29,5,0.00,1,2587.0868,7,27,1,True
9,260.3,2008-08-02 04:18:15,17767.0,3,False,418,6,73,6,5.73,7,5,5,14.60,8,24,7,0.00,1,1122.9040000000002,3,6,2,False
9,260.4,2008-08-02 06:16:23,24855.0,4,False,329,8,63,8,5.22,9,4,6,15.75,7,20,9,0.00,1,887.3525000000001,2,5,3,False
9,260.5,2008-08-06 16:28:19,407171.0,5,False,525,5,88,5,5.97,4,3,7,29.33,2,34,4,0.00,1,1506.2487,5,4,5,False
9,260.6,2008-08-10 15:24:23,748935.0,6,False,1056,1,174,1,6.07,3,6,3,29.00,3,40,1,0.00,1,2957.52,9,4,5,False
9,260.7,2008-09-17 01:41:29,3982761.0,7,False,400,7,69,7,5.80,5,2,8,34.50,1,40,1,0.00,1,1177.865,4,5,3,False
9,260.8,2010-11-27 02:12:59,73191051.0,8,False,163,9,29,9,5.62,8,2,8,14.50,9,23,8,0.00,1,438.46500000000003,1,2,9,False
9,260.9,2012-07-17 17:08:51,124912003.0,9,False,852,3,133,4,6.41,1,7,2,19.00,5,27,6,0.00,1,2257.42,6,4,5,True
3,263.1,2008-08-02 18:49:30,69726.0,1,False,805,3,105,3,7.67,2,6,2,17.50,3,22,3,0.00,1,1926.4350000000002,1,4,2,False
3,263.2,2008-08-03 02:30:05,97361.0,2,True,1137,2,151,2,7.53,3,7,1,21.57,2,43,2,0.00,1,2765.8223,3,12,1,False
3,263.3,2010-06-02 15:59:04,57861100.0,3,False,1188,1,152,1,7.82,1,3,3,50.67,1,91,1,0.00,1,1986.5713,2,3,3,False
5,264.1,2008-08-02 18:21:21,67950.0,1,False,184,5,34,5,5.41,5,2,5,17.00,4,20,5,0.00,1,451.24000000000007,1,1,3,False
5,264.2,2008-08-03 12:34:36,133545.0,2,False,506,3,76,3,6.66,1,6,3,12.67,5,27,3,0.00,1,1440.7513000000001,3,6,1,False
5,264.3,2008-08-04 07:45:38,202607.0,3,False,790,2,133,2,5.94,3,7,2,19.00,2,29,2,0.00,1,2174.8199999999997,4,0,5,False
5,264.4,2008-09-16 17:31:11,3952940.0,4,False,330,4,54,4,6.11,2,3,4,18.00,3,24,4,0.00,1,900.03,2,1,3,False
5,264.5,2008-10-13 21:59:37,6301846.0,5,False,1264,1,214,1,5.91,4,10,1,21.40,1,40,1,0.00,1,3638.956,5,4,2,False
5,265.1,2008-08-01 23:40:28,656.0,1,True,901,1,118,1,7.64,1,8,1,14.75,2,26,1,0.00,1,2314.7625000000003,5,17,1,False
5,265.2,2008-08-01 23:44:05,873.0,2,False,369,2,61,2,6.05,2,5,2,12.20,5,21,3,0.00,1,1110.1680000000001,4,3,2,False
5,265.3,2008-08-02 18:30:34,68462.0,3,False,198,4,38,4,5.21,5,3,3,12.67,4,15,4,0.00,1,520.3512999999999,2,1,4,False
5,265.4,2008-08-13 22:25:16,1032944.0,4,False,238,3,42,3,5.67,3,2,4,21.00,1,25,2,0.00,1,665.2,3,0,5,False
5,265.5,2008-09-11 13:03:13,3504821.0,5,False,154,5,28,5,5.50,4,2,4,14.00,3,15,4,0.00,1,402.87,1,3,2,False
19,289.1,2008-08-02 00:43:38,160.0,1,False,287,13,45,13,6.38,14,1,8,45.00,6,45,9,0.00,1,768.9599999999999,8,119,3,False
19,289.2,2008-08-02 00:47:48,410.0,2,False,613,7,65,7,9.43,5,2,6,32.50,10,44,10,0.00,1,1330.4850000000001,13,45,6,True
19,289.3,2008-08-02 01:15:42,2084.0,3,True,654,6,69,5,9.48,4,3,5,23.00,14,36,12,0.00,1,1704.38,14,341,2,False
19,289.4,2008-08-04 15:22:03,225665.0,4,False,469,9,69,5,6.80,11,2,6,34.50,8,49,7,0.00,1,1213.265,11,393,1,False
19,289.5,2008-12-19 22:47:08,12089170.0,5,False,325,12,60,8,5.42,18,4,4,15.00,17,32,13,0.00,1,969.6600000000001,10,15,7,False
19,289.6,2010-04-02 22:36:32,52610134.0,6,False,454,10,60,8,7.57,9,1,8,60.00,2,60,3,0.00,1,1317.6100000000004,12,2,12,False
19,289.7,2010-04-23 09:36:26,54377728.0,7,False,817,4,60,8,13.62,1,1,8,60.00,2,60,3,0.00,1,2285.21,16,3,11,False
19,289.8,2010-06-30 11:12:21,60258683.0,8,False,245,15,38,14,6.45,13,1,8,38.00,7,38,11,0.00,1,518.4300000000001,4,5,8,False
19,289.9,2010-11-11 17:16:38,71858140.0,9,False,44,19,7,19,6.29,15,1,8,7.00,19,7,19,0.00,1,93.34,1,111,4,False
19,289.10,2011-06-22 10:26:16,91100718.0,10,False,246,14,46,12,5.35,19,1,8,46.00,5,46,8,0.00,1,663.1500000000001,7,106,5,False
19,289.11,2012-01-05 09:06:50,108116752.0,11,False,782,5,110,4,7.11,10,1,8,110.00,1,110,1,0.00,1,1986.1100000000004,15,-4,19,False
19,289.12,2012-07-20 09:49:45,125140127.0,12,False,1382,2,178,2,7.76,8,12,2,14.83,18,25,16,0.00,1,3176.1937,17,4,10,False
19,289.13,2012-07-24 12:24:01,125494983.0,13,False,337,11,31,16,10.87,2,1,8,31.00,12,31,15,0.00,1,657.3000000000001,6,-3,17,False
19,289.14,2012-12-13 06:19:09,137741891.0,14,False,2267,1,370,1,6.13,16,15,1,24.67,13,58,5,0.01,19,6672.8313,19,5,8,False
19,289.15,2014-05-31 22:30:00,183937742.0,15,False,194,16,32,15,6.06,17,1,8,32.00,11,32,13,0.00,1,563.2900000000001,5,-3,17,False
19,289.16,2014-08-04 18:39:18,189539900.0,16,False,169,17,17,18,9.94,3,1,8,17.00,16,17,18,0.00,1,380.44000000000005,2,0,14,False
19,289.17,2015-02-02 10:46:01,205236303.0,17,False,509,8,56,11,9.09,6,1,8,56.00,4,56,6,0.00,1,962.0500000000001,9,0,14,False
19,289.18,2015-07-20 11:01:19,219752421.0,18,False,164,18,20,17,8.20,7,1,8,20.00,15,20,17,0.00,1,417.01000000000005,3,2,12,False
19,289.19,2016-02-26 07:15:13,238833255.0,19,False,1114,3,170,3,6.55,12,5,3,34.00,9,73,2,0.00,1,3219.07,18,0,14,False
